mgi_symbol,ensembl_gene_id,entrezgene_id,gene_biotype,chromosome_name,start_position,end_position
Dsc2,ENSMUSG00000024331,13506,protein_coding,18,20163690,20192611
Igsf11,ENSMUSG00000022790,207683,protein_coding,16,38713033,38847521
Gap43,ENSMUSG00000047261,14432,protein_coding,16,42068805,42161014
Tfap2a,ENSMUSG00000021359,21418,protein_coding,13,40868778,40891852
Dach1,ENSMUSG00000055639,13134,protein_coding,14,98024289,98407201
Gabre,ENSMUSG00000031340,14404,protein_coding,X,71299605,71318409
Egln3,ENSMUSG00000035105,112407,protein_coding,12,54225767,54250646
Gabra3,ENSMUSG00000031343,14396,protein_coding,X,71476287,71700454
Has2,ENSMUSG00000022367,15117,protein_coding,15,56529023,56557935
Ifi44,ENSMUSG00000028037,99899,protein_coding,3,151436559,151455597
Cst6,ENSMUSG00000024846,73720,protein_coding,19,5394733,5399602
Edn1,ENSMUSG00000021367,13614,protein_coding,13,42454952,42461466
Cdx1,ENSMUSG00000024619,12590,protein_coding,18,61151934,61169271
Vwa2,ENSMUSG00000025082,240675,protein_coding,19,56862681,56900510
Fosl1,ENSMUSG00000024912,14283,protein_coding,19,5497575,5505974
Efemp2,ENSMUSG00000024909,58859,protein_coding,19,5523982,5532545
Greb1,ENSMUSG00000036523,268527,protein_coding,12,16720616,16850887
Fam149a,ENSMUSG00000070044,212326,protein_coding,8,45789754,45835328
Rhox2a,ENSMUSG00000051827,75199,protein_coding,X,36508629,36513339
Fndc3c1,ENSMUSG00000033737,333564,protein_coding,X,105463647,105529007
Slc12a4,ENSMUSG00000017765,20498,protein_coding,8,106670222,106692729
Cysltr1,ENSMUSG00000052821,58861,protein_coding,X,105617952,105647285
P2ry10b,ENSMUSG00000054293,213438,protein_coding,X,106192533,106217267
Ccdc80,ENSMUSG00000022665,67896,protein_coding,16,44913765,44948440
Lratd2,ENSMUSG00000072568,399603,protein_coding,15,60690843,60725627
Tmprss7,ENSMUSG00000033177,208171,protein_coding,16,45476678,45514021
Phldb2,ENSMUSG00000033149,208177,protein_coding,16,45566606,45773961
Vmn2r114,ENSMUSG00000091945,666002,protein_coding,17,23504366,23531511
Pld5,ENSMUSG00000055214,319455,protein_coding,1,175789872,176102878
Nexn,ENSMUSG00000039103,68810,protein_coding,3,151942619,151971987
Piezo2,ENSMUSG00000041482,667742,protein_coding,18,63143284,63520254
Serf1,ENSMUSG00000021643,20365,protein_coding,13,100244520,100251079
Irx2,ENSMUSG00000001504,16372,protein_coding,13,72776939,72782317
Timp3,ENSMUSG00000020044,21859,protein_coding,10,86136236,86185370
Tmem144,ENSMUSG00000027956,70652,protein_coding,3,79719871,79760080
Erc2,ENSMUSG00000040640,238988,protein_coding,14,27344385,28200494
Runx1,ENSMUSG00000022952,12394,protein_coding,16,92398354,92623037
Gpc6,ENSMUSG00000058571,23888,protein_coding,14,117162727,118213956
Wnt5a,ENSMUSG00000021994,22418,protein_coding,14,28226707,28249405
Ocln,ENSMUSG00000021638,18260,protein_coding,13,100633015,100689226
Prss22,ENSMUSG00000045027,70835,protein_coding,17,24212508,24217074
Tssk3,ENSMUSG00000000411,58864,protein_coding,4,129382807,129384815
Sorbs2,ENSMUSG00000031626,234214,protein_coding,8,45960825,46280943
Tdh,ENSMUSG00000021953,58865,protein_coding,14,63729796,63746541
Pdgfc,ENSMUSG00000028019,54635,protein_coding,3,80943723,81121347
Slc2a3,ENSMUSG00000003153,20527,protein_coding,6,122704768,122778599
Ascl1,ENSMUSG00000020052,17172,protein_coding,10,87326681,87329522
Anxa5,ENSMUSG00000027712,11747,protein_coding,3,36503072,36530043
Rnf217,ENSMUSG00000063760,268291,protein_coding,10,31369189,31485180
Uggt2,ENSMUSG00000042104,66435,protein_coding,14,119222451,119336842
Ak5,ENSMUSG00000039058,229949,protein_coding,3,152168452,152373997
Cd109,ENSMUSG00000046186,235505,protein_coding,9,78522828,78623535
Ets1,ENSMUSG00000032035,23871,protein_coding,9,32547517,32669116
Pdcd1lg2,ENSMUSG00000016498,58205,protein_coding,19,29388319,29448561
Ehbp1l1,ENSMUSG00000024937,114601,protein_coding,19,5757404,5776345
Col3a1,ENSMUSG00000026043,12825,protein_coding,1,45350698,45388866
Fam89b,ENSMUSG00000024939,17826,protein_coding,19,5778115,5779681
Col12a1,ENSMUSG00000032332,12816,protein_coding,9,79506273,79626113
Vmn2r26,ENSMUSG00000096630,56552,protein_coding,6,124001527,124042765
Lamc2,ENSMUSG00000026479,16782,protein_coding,1,152998502,153062193
Mllt11,ENSMUSG00000053192,56772,protein_coding,3,95126446,95139482
Scarf2,ENSMUSG00000012017,224024,protein_coding,16,17615146,17626157
Mast4,ENSMUSG00000034751,328329,protein_coding,13,102868994,103471005
Tap1,ENSMUSG00000037321,21354,protein_coding,17,34406527,34416199
Tfdp1,ENSMUSG00000038482,21781,protein_coding,8,13388751,13428448
Bnipl,ENSMUSG00000028115,171388,protein_coding,3,95148582,95158504
Psmb8,ENSMUSG00000024338,16913,protein_coding,17,34416695,34420428
Rtn4r,ENSMUSG00000043811,65079,protein_coding,16,17945506,17970272
Axl,ENSMUSG00000002602,26362,protein_coding,7,25456698,25488130
Cdk14,ENSMUSG00000028926,18647,protein_coding,5,4853391,5470312
Acta2,ENSMUSG00000035783,11475,protein_coding,19,34218490,34232990
Rnasel,ENSMUSG00000066800,24014,protein_coding,1,153625172,153639967
Id2,ENSMUSG00000020644,15902,protein_coding,12,25143798,25147139
Lipa,ENSMUSG00000024781,16889,protein_coding,19,34469718,34504874
Msrb3,ENSMUSG00000051236,320183,protein_coding,10,120617001,120735006
Sox11,ENSMUSG00000063632,20666,protein_coding,12,27384263,27392573
Ccn4,ENSMUSG00000005124,22402,protein_coding,15,66763169,66795050
Cish,ENSMUSG00000032578,12700,protein_coding,9,107173225,107179983
Irf2,ENSMUSG00000031627,16363,protein_coding,8,47192767,47300493
Zc3h12c,ENSMUSG00000035164,244871,protein_coding,9,52022644,52079872
Ankrd1,ENSMUSG00000024803,107765,protein_coding,19,36089361,36097499
Exph5,ENSMUSG00000034584,320051,protein_coding,9,53212970,53288814
Mboat1,ENSMUSG00000038732,218121,protein_coding,13,30320472,30430700
Dpysl2,ENSMUSG00000022048,12934,protein_coding,14,67040313,67106137
Ier5,ENSMUSG00000056708,15939,protein_coding,1,154972107,154975382
Efemp1,ENSMUSG00000020467,216616,protein_coding,11,28803204,28876743
Arhgef10,ENSMUSG00000071176,234094,protein_coding,8,14961663,15051085
Mei4,ENSMUSG00000043289,75033,protein_coding,9,81745723,82088060
Nefl,ENSMUSG00000022055,18039,protein_coding,14,68321312,68326544
Tubb6,ENSMUSG00000001473,67951,protein_coding,18,67523787,67535819
Serpinb9,ENSMUSG00000045827,20723,protein_coding,13,33187233,33201940
Lrp8,ENSMUSG00000028613,16975,protein_coding,4,107659066,107734037
Acer1,ENSMUSG00000045019,171168,protein_coding,17,57260490,57289126
Klk4,ENSMUSG00000006948,56640,protein_coding,7,43530584,43535228
Serpinb9b,ENSMUSG00000021403,20706,protein_coding,13,33211399,33225867
Sri,ENSMUSG00000003161,109552,protein_coding,5,8096078,8119379
Slc25a14,ENSMUSG00000031105,20523,protein_coding,X,47712290,47751171
Cib2,ENSMUSG00000037493,56506,protein_coding,9,54452078,54467502
Arap3,ENSMUSG00000024451,106952,protein_coding,18,38105681,38132022
Fam107b,ENSMUSG00000026655,66540,protein_coding,2,3571525,3783179
Clcn5,ENSMUSG00000004317,12728,protein_coding,X,7020049,7185597
Sh3yl1,ENSMUSG00000020669,24057,protein_coding,12,30961667,31010161
Lhx4,ENSMUSG00000026468,16872,protein_coding,1,155573777,155627430
Pdlim2,ENSMUSG00000022090,213019,protein_coding,14,70401667,70415130
Sorbs3,ENSMUSG00000022091,20410,protein_coding,14,70417917,70449438
Nr1d1,ENSMUSG00000020889,217166,protein_coding,11,98658758,98666159
Camk2d,ENSMUSG00000053819,108058,protein_coding,3,126389951,126639975
Kctd16,ENSMUSG00000051401,383348,protein_coding,18,40390015,40664683
Sh3rf2,ENSMUSG00000057719,269016,protein_coding,18,42186732,42292025
Lrrc8b,ENSMUSG00000070639,433926,protein_coding,5,105563641,105637940
Lrrc8c,ENSMUSG00000054720,100604,protein_coding,5,105667254,105760884
Lamp3,ENSMUSG00000041247,239739,protein_coding,16,19472128,19525125
Ctnnd2,ENSMUSG00000022240,18163,protein_coding,15,30172739,31029487
Vgll3,ENSMUSG00000091243,73569,protein_coding,16,65612143,65663254
Elk3,ENSMUSG00000008398,13713,protein_coding,10,93083276,93146997
Cobll1,ENSMUSG00000034903,319876,protein_coding,2,64918683,65069747
Bmp1,ENSMUSG00000022098,12153,protein_coding,14,70711998,70757674
Crabp1,ENSMUSG00000032291,12903,protein_coding,9,54672032,54680394
Spink1,ENSMUSG00000024503,20730,protein_coding,18,43861147,43870622
Dus4l,ENSMUSG00000020648,71916,protein_coding,12,31690049,31704825
Itpkb,ENSMUSG00000038855,320404,protein_coding,1,180158050,180252367
Mcc,ENSMUSG00000071856,328949,protein_coding,18,44558127,44945249
Sema5a,ENSMUSG00000022231,20356,protein_coding,15,32244956,32696487
Dtx3,ENSMUSG00000040415,80904,protein_coding,10,127026247,127031597
Sdc2,ENSMUSG00000022261,15529,protein_coding,15,32920869,33035081
Crybg1,ENSMUSG00000019866,11630,protein_coding,10,43826632,44024849
Kif5a,ENSMUSG00000074657,16572,protein_coding,10,127061565,127099217
Stk26,ENSMUSG00000031112,70415,protein_coding,X,49929924,49981974
Prdm1,ENSMUSG00000038151,12142,protein_coding,10,44313173,44404497
Wls,ENSMUSG00000028173,68151,protein_coding,3,159545309,159644300
Flna,ENSMUSG00000031328,192176,protein_coding,X,73267067,73293426
Psca,ENSMUSG00000022598,72373,protein_coding,15,74586688,74588918
Lypd2,ENSMUSG00000022595,68311,protein_coding,15,74604096,74606178
Bves,ENSMUSG00000071317,23828,protein_coding,10,45211868,45248575
Tnfaip8,ENSMUSG00000062210,106869,protein_coding,18,50112494,50240240
Hs6st2,ENSMUSG00000062184,50786,protein_coding,X,50476089,50770733
Efna5,ENSMUSG00000048915,13640,protein_coding,17,62911179,63188312
Igfbp4,ENSMUSG00000017493,16010,protein_coding,11,98932070,98945218
Ociad2,ENSMUSG00000029153,433904,protein_coding,5,73479542,73498371
Wnt7a,ENSMUSG00000030093,22421,protein_coding,6,91340963,91388345
Gli1,ENSMUSG00000025407,14632,protein_coding,10,127165751,127177843
Tasor2,ENSMUSG00000033799,105203,protein_coding,13,3616035,3661108
Tmcc3,ENSMUSG00000020023,319880,protein_coding,10,94147811,94426818
Usp25,ENSMUSG00000022867,30940,protein_coding,16,76810594,76913668
Asb13,ENSMUSG00000033781,142688,protein_coding,13,3684032,3703822
Spsb1,ENSMUSG00000039911,74646,protein_coding,4,149980740,150039500
Rcn2,ENSMUSG00000032320,26611,protein_coding,9,55949129,55969166
Cacna1f,ENSMUSG00000031142,54652,protein_coding,X,7473322,7501435
Mtmr11,ENSMUSG00000045934,194126,protein_coding,3,96069321,96079034
Hck,ENSMUSG00000003283,15162,protein_coding,2,152950388,152993361
Syp,ENSMUSG00000031144,20977,protein_coding,X,7504710,7519495
Orai1,ENSMUSG00000049686,109305,protein_coding,5,123153137,123168519
Pcdh18,ENSMUSG00000037892,73173,protein_coding,3,49697745,49711774
Krtap4-13,ENSMUSG00000048294,69464,protein_coding,11,99699904,99700718
Cpd,ENSMUSG00000020841,12874,protein_coding,11,76669250,76737844
Pkd1l2,ENSMUSG00000034416,76645,protein_coding,8,117722418,117809188
Prss23,ENSMUSG00000039405,76453,protein_coding,7,89156991,89176395
Lgals12,ENSMUSG00000024972,56072,protein_coding,19,7574025,7584558
Epb41l3,ENSMUSG00000024044,13823,protein_coding,17,69382678,69596984
Krt19,ENSMUSG00000020911,16669,protein_coding,11,100031636,100039491
Pus7l,ENSMUSG00000033356,78895,protein_coding,15,94420569,94441428
Fhl1,ENSMUSG00000023092,14199,protein_coding,X,55777147,55838706
Krt14,ENSMUSG00000045545,16664,protein_coding,11,100093988,100098374
Krt17,ENSMUSG00000035557,16667,protein_coding,11,100147043,100151855
Lhfp,ENSMUSG00000048332,108927,protein_coding,3,52948949,53169100
Fkbp10,ENSMUSG00000001555,14230,protein_coding,11,100306523,100315650
Loxl4,ENSMUSG00000025185,67573,protein_coding,19,42582421,42601252
Dsp,ENSMUSG00000054889,109620,protein_coding,13,38335270,38382553
Dpys,ENSMUSG00000022304,64705,protein_coding,15,39631883,39720866
Zfpm2,ENSMUSG00000022306,22762,protein_coding,15,40518431,40967988
Dmtn,ENSMUSG00000022099,13829,protein_coding,14,70838703,70873488
Fgf17,ENSMUSG00000022101,14171,protein_coding,14,70873643,70879708
Lipg,ENSMUSG00000053846,16891,protein_coding,18,75072393,75094334
Postn,ENSMUSG00000027750,50706,protein_coding,3,54268530,54298458
Tssk6,ENSMUSG00000047654,83984,protein_coding,8,70354834,70356168
Nkd1,ENSMUSG00000031661,93960,protein_coding,8,89247982,89321512
Pthlh,ENSMUSG00000048776,19227,protein_coding,6,147153599,147165681
Myl12a,ENSMUSG00000024048,67268,protein_coding,17,71300651,71309873
Osbpl3,ENSMUSG00000029822,71720,protein_coding,6,50270310,50433181
Mid2,ENSMUSG00000000266,23947,protein_coding,X,139565348,139668464
Qrich2,ENSMUSG00000070331,217341,protein_coding,11,116332151,116357067
Phgdh,ENSMUSG00000053398,236539,protein_coding,3,98220486,98247306
Hdac7,ENSMUSG00000022475,56233,protein_coding,15,97690545,97742383
Zfp697,ENSMUSG00000050064,242109,protein_coding,3,98289777,98661128
Fgf13,ENSMUSG00000031137,14168,protein_coding,X,58107505,58613431
Col4a6,ENSMUSG00000031273,94216,protein_coding,X,139948399,140257072
Myom1,ENSMUSG00000024049,17929,protein_coding,17,71309628,71433851
Slc35f1,ENSMUSG00000038602,215085,protein_coding,10,52566629,52987718
Capn2,ENSMUSG00000026509,12334,protein_coding,1,182294825,182345173
Cav1,ENSMUSG00000007655,12389,protein_coding,6,17306334,17341451
Rcbtb2,ENSMUSG00000022106,105670,protein_coding,14,73360477,73445283
Col4a5,ENSMUSG00000031274,12830,protein_coding,X,140258381,140472230
Endod1,ENSMUSG00000037419,71946,protein_coding,9,14265286,14292803
Ank1,ENSMUSG00000031543,11733,protein_coding,8,23464860,23640513
Amotl1,ENSMUSG00000013076,75723,protein_coding,9,14453262,14556352
Slco3a1,ENSMUSG00000025790,108116,protein_coding,7,73925167,74204528
Ubash3b,ENSMUSG00000032020,72828,protein_coding,9,40922394,41072993
Tram2,ENSMUSG00000041779,170829,protein_coding,1,21066523,21149453
Met,ENSMUSG00000009376,17295,protein_coding,6,17463799,17573979
Man1a,ENSMUSG00000003746,17155,protein_coding,10,53780881,53952705
Pkia,ENSMUSG00000027499,18767,protein_coding,3,7431729,7510426
Tmem132a,ENSMUSG00000024736,98170,protein_coding,19,10835186,10847304
Prr7,ENSMUSG00000034686,432763,protein_coding,13,55612080,55620967
Ppl,ENSMUSG00000039457,19041,protein_coding,16,4904155,4950285
Slit3,ENSMUSG00000056427,20564,protein_coding,11,35012051,35599334
Ppp4r4,ENSMUSG00000021209,74521,protein_coding,12,103498542,103580090
Six5,ENSMUSG00000040841,20475,protein_coding,7,18828519,18832474
Gm4981,ENSMUSG00000075045,245263,protein_coding,10,58070670,58072523
Dbn1,ENSMUSG00000034675,56320,protein_coding,13,55621242,55635924
Lmna,ENSMUSG00000028063,16905,protein_coding,3,88387454,88417263
Ccnd2,ENSMUSG00000000184,12444,protein_coding,6,127102125,127129156
Acot7,ENSMUSG00000028937,70025,protein_coding,4,152262591,152356312
Gpx8,ENSMUSG00000021760,69590,protein_coding,13,113179287,113182944
Esd,ENSMUSG00000021996,13885,protein_coding,14,74969737,74988205
Stx3,ENSMUSG00000041488,20908,protein_coding,19,11752482,11796767
Pdlim7,ENSMUSG00000021493,67399,protein_coding,13,55643608,55661489
Dusp10,ENSMUSG00000039384,63953,protein_coding,1,183745499,183807833
Frmd4b,ENSMUSG00000030064,232288,protein_coding,6,97263828,97594502
Nkx6-3,ENSMUSG00000063672,74561,protein_coding,8,23643285,23648964
Oaf,ENSMUSG00000032014,102644,protein_coding,9,43132532,43151208
Zic4,ENSMUSG00000036972,22774,protein_coding,9,91244466,91271401
Stxbp6,ENSMUSG00000046314,217517,protein_coding,12,44899267,45121492
Nt5dc2,ENSMUSG00000071547,70021,protein_coding,14,30853010,30861081
Cdx2,ENSMUSG00000029646,12591,protein_coding,5,147237615,147244080
Grk4,ENSMUSG00000052783,14772,protein_coding,5,34817723,34912649
Nova1,ENSMUSG00000021047,664883,protein_coding,12,46741300,46865712
Dtx4,ENSMUSG00000039982,207521,protein_coding,19,12443702,12478818
Fam111a,ENSMUSG00000024691,107373,protein_coding,19,12523104,12567132
Kng2,ENSMUSG00000060459,385643,protein_coding,16,22804604,22848232
Agpat4,ENSMUSG00000023827,68262,protein_coding,17,12337591,12438532
Emp2,ENSMUSG00000022505,13731,protein_coding,16,10099613,10131832
Tekt5,ENSMUSG00000039179,70426,protein_coding,16,10175812,10213354
H60c,ENSMUSG00000091618,670558,protein_coding,10,3206208,3217771
Syt1,ENSMUSG00000035864,20979,protein_coding,10,108333511,108846843
Esr2,ENSMUSG00000021055,13983,protein_coding,12,76167193,76224033
Nfkb2,ENSMUSG00000025225,18034,protein_coding,19,46292759,46300824
St7,ENSMUSG00000029534,64213,protein_coding,6,17692932,17943024
Cavin1,ENSMUSG00000004044,19285,protein_coding,11,100847559,100861713
Gna14,ENSMUSG00000024697,14675,protein_coding,19,16413126,16588184
Lpp,ENSMUSG00000033306,210126,protein_coding,16,24212257,24811328
Lurap1l,ENSMUSG00000048706,52829,protein_coding,4,80828883,80873865
Pttg1,ENSMUSG00000020415,30939,protein_coding,11,43311077,43317078
Tent5b,ENSMUSG00000046694,100342,protein_coding,4,133207443,133215249
Tk1,ENSMUSG00000025574,21877,protein_coding,11,117706352,117716918
AA986860,ENSMUSG00000042510,212439,protein_coding,1,130659713,130672359
Nr0b2,ENSMUSG00000037583,23957,protein_coding,4,133280687,133283847
Ppm1n,ENSMUSG00000030402,232941,protein_coding,7,19010730,19013989
Sfn,ENSMUSG00000047281,55948,protein_coding,4,133327867,133329479
Serp2,ENSMUSG00000052584,72661,protein_coding,14,76770254,76794329
Prkcq,ENSMUSG00000026778,18761,protein_coding,2,11176919,11306033
Trabd2b,ENSMUSG00000070867,666048,protein_coding,4,114263921,114472295
A2ml1,ENSMUSG00000047228,232400,protein_coding,6,128516784,128558571
Flt1,ENSMUSG00000029648,14254,protein_coding,5,147498414,147662821
Rdh11,ENSMUSG00000066441,17252,protein_coding,12,79221111,79239067
Synpo2l,ENSMUSG00000039376,68760,protein_coding,14,20709014,20718422
Mt2,ENSMUSG00000031762,17750,protein_coding,8,94899292,94900196
Mt1,ENSMUSG00000031765,17748,protein_coding,8,94905710,94906955
Amot,ENSMUSG00000041688,27494,protein_coding,X,144229421,144288177
Sp5,ENSMUSG00000075304,64406,protein_coding,2,70305267,70308073
Gmnc,ENSMUSG00000068428,239789,protein_coding,16,26732303,26810402
Anxa1,ENSMUSG00000024659,16952,protein_coding,19,20350792,20368308
Sox30,ENSMUSG00000040489,214105,protein_coding,11,45871137,45908821
Actn1,ENSMUSG00000015143,109711,protein_coding,12,80214321,80307145
Clrn1,ENSMUSG00000043850,229320,protein_coding,3,58751449,58792761
Krt8,ENSMUSG00000049382,16691,protein_coding,15,101905133,101912917
Krt18,ENSMUSG00000023043,16668,protein_coding,15,101936615,101940462
Nkx2-5,ENSMUSG00000015579,18091,protein_coding,17,27057638,27063983
Tgfb2,ENSMUSG00000039239,21808,protein_coding,1,186354989,186438186
Ltbp1,ENSMUSG00000001870,268977,protein_coding,17,75312563,75699507
Gsto1,ENSMUSG00000025068,14873,protein_coding,19,47843409,47853229
Igfbp6,ENSMUSG00000023046,16012,protein_coding,15,102052797,102057946
Msl3,ENSMUSG00000031358,17692,protein_coding,X,167437113,167456894
Arhgap6,ENSMUSG00000031355,11856,protein_coding,X,167578095,168087431
Hmx1,ENSMUSG00000067438,15371,protein_coding,5,35546452,35557074
Adm,ENSMUSG00000030790,11535,protein_coding,7,110226868,110229027
Myl6b,ENSMUSG00000039824,216459,protein_coding,10,128330026,128334554
Crim1,ENSMUSG00000024074,50766,protein_coding,17,78507677,78684021
Trim67,ENSMUSG00000036913,330863,protein_coding,8,125519831,125561452
Sema3e,ENSMUSG00000063531,20349,protein_coding,5,14075290,14306703
Esrrg,ENSMUSG00000026610,26381,protein_coding,1,187340988,187947082
Ulbp1,ENSMUSG00000079685,77777,protein_coding,10,7390362,7423638
Gpr87,ENSMUSG00000051431,84111,protein_coding,3,59086344,59102525
Prok2,ENSMUSG00000030069,50501,protein_coding,6,99688260,99703353
Ikbke,ENSMUSG00000042349,56489,protein_coding,1,131182080,131207344
Tspan7,ENSMUSG00000058254,21912,protein_coding,X,10351397,10462844
Prss8,ENSMUSG00000030800,76560,protein_coding,7,127524888,127529276
Cflar,ENSMUSG00000026031,12633,protein_coding,1,58750667,58798043
Mid1ip1,ENSMUSG00000008035,68041,protein_coding,X,10581252,10585929
Unc5c,ENSMUSG00000059921,22253,protein_coding,3,141170977,141540685
Casp8,ENSMUSG00000026029,12370,protein_coding,1,58834533,58886662
Sv2c,ENSMUSG00000051111,75209,protein_coding,13,96091102,96269085
Kcnk1,ENSMUSG00000033998,16525,protein_coding,8,126721909,126757424
Adgra2,ENSMUSG00000031486,78560,protein_coding,8,27575611,27613464
Chl1,ENSMUSG00000030077,12661,protein_coding,6,103487547,103727172
Clic5,ENSMUSG00000023959,224796,protein_coding,17,44445659,44591059
Dhx36,ENSMUSG00000027770,72162,protein_coding,3,62375434,62414425
Cyp1b1,ENSMUSG00000024087,13078,protein_coding,17,80008966,80022490
Irs2,ENSMUSG00000038894,384783,protein_coding,8,11034681,11058458
Vcl,ENSMUSG00000021823,22330,protein_coding,14,20979466,21083744
Snhg4,ENSMUSG00000117694,,protein_coding,18,35686457,35720761
Cnksr1,ENSMUSG00000028841,194231,protein_coding,4,133955352,133965710
Zfp677,ENSMUSG00000062743,210503,protein_coding,17,21604010,21619527
Vash2,ENSMUSG00000037568,226841,protein_coding,1,190679843,190711493
Gucy2g,ENSMUSG00000055523,73707,protein_coding,19,55186531,55229668
Zfp948,ENSMUSG00000067931,381066,protein_coding,17,21787270,21808961
Adk,ENSMUSG00000039197,11534,protein_coding,14,21102642,21498637
Stx11,ENSMUSG00000039232,74732,protein_coding,10,12813953,12840042
Col4a2,ENSMUSG00000031503,12827,protein_coding,8,11362805,11499287
Tcte1,ENSMUSG00000023949,21645,protein_coding,17,45834360,45853606
Inhba,ENSMUSG00000041324,16323,protein_coding,13,16186436,16206206
Ghr,ENSMUSG00000055737,14600,protein_coding,15,3347242,3612974
Nenf,ENSMUSG00000037499,66208,protein_coding,1,191038986,191050391
Gbp7,ENSMUSG00000040253,229900,protein_coding,3,142236103,142255910
Gbp3,ENSMUSG00000028268,55932,protein_coding,3,142265787,142278970
Spaca7b,ENSMUSG00000031509,76413,protein_coding,8,11704924,11751063
Gbp2b,ENSMUSG00000040264,14468,protein_coding,3,142300608,142324940
Tex11,ENSMUSG00000009670,83558,protein_coding,X,99882254,100103273
Gbp2,ENSMUSG00000028270,14469,protein_coding,3,142326363,142343769
Pkdcc,ENSMUSG00000024247,106522,protein_coding,17,83522721,83532499
Zfp503,ENSMUSG00000039081,218820,protein_coding,14,22034027,22039669
Isx,ENSMUSG00000031621,71597,protein_coding,8,75599801,75620134
Vopp1,ENSMUSG00000037788,232023,protein_coding,6,57704792,57802144
Gstp2,ENSMUSG00000038155,14869,protein_coding,19,4090285,4096023
Rasd2,ENSMUSG00000034472,75141,protein_coding,8,75940572,75950741
Perp,ENSMUSG00000019851,64058,protein_coding,10,18720768,18732821
Mmp14,ENSMUSG00000000957,17387,protein_coding,14,54669069,54682821
Gfpt2,ENSMUSG00000020363,14584,protein_coding,11,49685005,49729440
Cited1,ENSMUSG00000051159,12705,protein_coding,X,101290987,101295787
Bcam,ENSMUSG00000002980,57278,protein_coding,7,19490056,19504941
Nrbp2,ENSMUSG00000075590,223649,protein_coding,15,75957367,75963476
Nfasc,ENSMUSG00000026442,269116,protein_coding,1,132492428,132669535
Arl4c,ENSMUSG00000049866,320982,protein_coding,1,88600847,88629943
Slc25a48,ENSMUSG00000021509,328258,protein_coding,13,56586168,56622052
Trim46,ENSMUSG00000042766,360213,protein_coding,3,89141484,89153616
Kcns3,ENSMUSG00000043673,238076,protein_coding,12,11140203,11201057
Parva,ENSMUSG00000030770,57342,protein_coding,7,112026712,112190899
Sh2d4b,ENSMUSG00000037833,328381,protein_coding,14,40535746,40615223
Prxl2a,ENSMUSG00000021792,70564,protein_coding,14,40715697,40735745
Zfp36l2,ENSMUSG00000045817,12193,protein_coding,17,84491359,84495375
Gbx2,ENSMUSG00000034486,14472,protein_coding,1,89855678,89858901
Sertad4,ENSMUSG00000016262,214791,protein_coding,1,192526796,192538064
Vsnl1,ENSMUSG00000054459,26950,protein_coding,12,11375243,11486614
Nedd9,ENSMUSG00000021365,18003,protein_coding,13,41463057,41640838
Ttc28,ENSMUSG00000033209,209683,protein_coding,5,111027669,111437646
Cd28,ENSMUSG00000026012,12487,protein_coding,1,60755959,60812518
Tmprss2,ENSMUSG00000000385,50528,protein_coding,16,97365882,97412395
Pmp22,ENSMUSG00000018217,18858,protein_coding,11,63019808,63050373
Tgfb1i1,ENSMUSG00000030782,21804,protein_coding,7,127845984,127854871
Tmem200a,ENSMUSG00000049420,77220,protein_coding,10,25788229,25954950
Ptx3,ENSMUSG00000027832,19288,protein_coding,3,66127331,66133226
Tead3,ENSMUSG00000002249,21678,protein_coding,17,28550645,28569791
Srd5a1,ENSMUSG00000021594,78925,protein_coding,13,69721568,69759561
Sema3c,ENSMUSG00000028780,20348,protein_coding,5,17779279,17935266
Mpzl2,ENSMUSG00000032092,14012,protein_coding,9,44951097,44965313
Mfhas1,ENSMUSG00000070056,52065,protein_coding,8,36054952,36146603
Bhlhe40,ENSMUSG00000030103,20893,protein_coding,6,108637590,108643886
Gng3,ENSMUSG00000071658,14704,protein_coding,19,8814297,8816558
Tbx1,ENSMUSG00000009097,21380,protein_coding,16,18399729,18409421
Pak1,ENSMUSG00000030774,18479,protein_coding,7,97437748,97561588
Lrrfip1,ENSMUSG00000026305,16978,protein_coding,1,90926459,91056666
Fxyd6,ENSMUSG00000066705,59095,protein_coding,9,45281483,45307457
Septin5,ENSMUSG00000072214,18951,protein_coding,16,18439252,18448704
Amotl2,ENSMUSG00000032531,56332,protein_coding,9,102593871,102610617
Mlf1,ENSMUSG00000048416,17349,protein_coding,3,67281430,67307336
Ptch2,ENSMUSG00000028681,19207,protein_coding,4,116953272,116973298
Evc,ENSMUSG00000029122,59056,protein_coding,5,37446442,37494238
Rarres1,ENSMUSG00000049404,109222,protein_coding,3,67386305,67422856
Parp10,ENSMUSG00000063268,671535,protein_coding,15,76115374,76127641
Htr1d,ENSMUSG00000070687,15552,protein_coding,4,136150835,136171709
Litaf,ENSMUSG00000022500,56722,protein_coding,16,10777139,10884021
Zcchc18,ENSMUSG00000031428,66995,protein_coding,X,135893904,135899221
Rnf128,ENSMUSG00000031438,66889,protein_coding,X,138464065,138573894
Pdgfrl,ENSMUSG00000031595,68797,protein_coding,8,41379249,41443822
Mcoln3,ENSMUSG00000036853,171166,protein_coding,3,145823205,145847561
Krt90,ENSMUSG00000048699,239673,protein_coding,15,101460791,101471385
Matcap1,ENSMUSG00000014837,74356,protein_coding,8,106007041,106016496
C1qb,ENSMUSG00000036905,12260,protein_coding,4,136607440,136613498
Wnt4,ENSMUSG00000036856,22417,protein_coding,4,137004800,137027037
Slc9a5,ENSMUSG00000014786,277973,protein_coding,8,106075475,106096513
Gstm5,ENSMUSG00000004032,14866,protein_coding,3,107803137,107806002
Pxt1,ENSMUSG00000045378,69307,protein_coding,17,29152958,29162814
Lrfn4,ENSMUSG00000045045,225875,protein_coding,19,4661813,4665695
Foxc1,ENSMUSG00000050295,17300,protein_coding,13,31990616,31996459
Hoxc8,ENSMUSG00000001657,15426,protein_coding,15,102899039,102902543
Gstm2,ENSMUSG00000040562,14863,protein_coding,3,107889018,107893769
Twist2,ENSMUSG00000007805,13345,protein_coding,1,91729183,91775750
Klhl26,ENSMUSG00000055707,234378,protein_coding,8,70902869,70929618
Cnih2,ENSMUSG00000024873,12794,protein_coding,19,5142896,5148549
Colec11,ENSMUSG00000036655,71693,protein_coding,12,28644172,28673376
Aff2,ENSMUSG00000031189,14266,protein_coding,X,68403900,68911643
Ntn1,ENSMUSG00000020902,18208,protein_coding,11,68100190,68291649
Otos,ENSMUSG00000044055,260301,protein_coding,1,92571940,92576563
Pwwp3b,ENSMUSG00000042515,245631,protein_coding,X,138110791,138139084
Mfsd6l,ENSMUSG00000048329,215723,protein_coding,11,68447012,68449071
Slc5a5,ENSMUSG00000000792,114479,protein_coding,8,71335533,71345401
Ahnak,ENSMUSG00000069833,66395,protein_coding,19,8966648,9054278
Tgm1,ENSMUSG00000022218,21816,protein_coding,14,55937466,55951383
Tagln,ENSMUSG00000032085,21345,protein_coding,9,45840917,45847356
Bst2,ENSMUSG00000046718,69550,protein_coding,8,71986899,71990100
Klf7,ENSMUSG00000025959,93691,protein_coding,1,64068606,64161441
Dhrs1,ENSMUSG00000002332,52585,protein_coding,14,55976477,55983147
Zfp575,ENSMUSG00000066721,101544,protein_coding,7,24283263,24287066
Ethe1,ENSMUSG00000064254,66071,protein_coding,7,24286968,24308350
Pdgfb,ENSMUSG00000000489,18591,protein_coding,15,79880075,79899178
Eif4g3,ENSMUSG00000028760,230861,protein_coding,4,137720333,137935819
Kif1a,ENSMUSG00000014602,16560,protein_coding,1,92943186,93029673
Mab21l4,ENSMUSG00000034159,71874,protein_coding,1,93079071,93088670
Gsap,ENSMUSG00000039934,212167,protein_coding,5,21391253,21520130
B2m,ENSMUSG00000060802,12010,protein_coding,2,121978167,121983564
Mgst3,ENSMUSG00000026688,66447,protein_coding,1,167199535,167221410
Slc25a24,ENSMUSG00000040322,229731,protein_coding,3,109030465,109075773
Tmprss11a,ENSMUSG00000072845,194597,protein_coding,5,86558269,86616849
Ifi30,ENSMUSG00000031838,65972,protein_coding,8,71215419,71219307
Nxt2,ENSMUSG00000042271,237082,protein_coding,X,141009766,141022688
Arhgap8,ENSMUSG00000078954,73167,protein_coding,15,84604253,84656408
Tsga10,ENSMUSG00000060771,211484,protein_coding,1,37793857,37905510
Rnd1,ENSMUSG00000054855,223881,protein_coding,15,98561302,98575342
Myl9,ENSMUSG00000067818,98932,protein_coding,2,156617340,156623578
Cnn1,ENSMUSG00000001349,12797,protein_coding,9,22010512,22020926
Cdc42ep1,ENSMUSG00000049521,104445,protein_coding,15,78726824,78735097
Sh3bp1,ENSMUSG00000022436,20401,protein_coding,15,78783968,78796251
Lgals1,ENSMUSG00000068220,16852,protein_coding,15,78810925,78814665
Angptl3,ENSMUSG00000028553,30924,protein_coding,4,98919191,98934348
Cpeb2,ENSMUSG00000039782,231207,protein_coding,5,43390513,43447067
Nradd,ENSMUSG00000032491,67169,protein_coding,9,110450203,110453520
Kctd6,ENSMUSG00000021752,71393,protein_coding,14,14246210,14255878
Sqor,ENSMUSG00000005803,59010,protein_coding,2,122607157,122651489
Pglyrp2,ENSMUSG00000079563,57757,protein_coding,17,32631433,32643141
Flnb,ENSMUSG00000025278,286940,protein_coding,14,14518185,14651816
Grhl2,ENSMUSG00000022286,252973,protein_coding,15,37233280,37363813
Col6a2,ENSMUSG00000020241,12834,protein_coding,10,76431596,76459464
Krt7,ENSMUSG00000023039,110310,protein_coding,15,101308924,101328194
Fcgr3,ENSMUSG00000059498,14131,protein_coding,1,170878743,170892504
Ikzf2,ENSMUSG00000025997,22779,protein_coding,1,69570373,69726404
Abca12,ENSMUSG00000050296,74591,protein_coding,1,71281435,71454069
Snai3,ENSMUSG00000006587,30927,protein_coding,8,123180947,123187472
T,ENSMUSG00000062327,20997,protein_coding,17,8653255,8661328
Wnt3,ENSMUSG00000000125,22415,protein_coding,11,103664976,103708783
Crhr1,ENSMUSG00000018634,12921,protein_coding,11,104023681,104066349
Tnfaip8l2,ENSMUSG00000013707,69769,protein_coding,3,95046832,95049671
Cald1,ENSMUSG00000029761,109624,protein_coding,6,34575435,34752408
9130008F23Rik,ENSMUSG00000054951,71583,protein_coding,17,41186373,41191450
Xkr4,ENSMUSG00000051951,497097,protein_coding,1,3276124,3741721
Hoxd11,ENSMUSG00000042499,15431,protein_coding,2,74509901,74517360
Bmp8b,ENSMUSG00000002384,12164,protein_coding,4,122998958,123025892
Syde1,ENSMUSG00000032714,71709,protein_coding,10,78420337,78427798
Nnat,ENSMUSG00000067786,18111,protein_coding,2,157401998,157404442
Atg9b,ENSMUSG00000038295,213948,protein_coding,5,24589179,24597141
Acta1,ENSMUSG00000031972,11459,protein_coding,8,124618508,124621490
Pcsk4,ENSMUSG00000020131,18551,protein_coding,10,80157117,80165332
Ang2,ENSMUSG00000047894,11731,protein_coding,14,51432781,51436605
Dusp14,ENSMUSG00000018648,56405,protein_coding,11,83938867,83960087
Tgm2,ENSMUSG00000037820,21817,protein_coding,2,157958322,157988356
Gm2974,ENSMUSG00000079391,101055754,protein_coding,14,18264878,18287197
Serpinb8,ENSMUSG00000026315,20725,protein_coding,1,107517736,107538214
Tpm4,ENSMUSG00000031799,326618,protein_coding,8,72884018,72906986
Fhl2,ENSMUSG00000008136,14200,protein_coding,1,43162234,43236144
She,ENSMUSG00000046280,214547,protein_coding,3,89738677,89766141
Tnfrsf12a,ENSMUSG00000023905,27279,protein_coding,17,23894419,23896442
Cldn6,ENSMUSG00000023906,54419,protein_coding,17,23898223,23901420
Tpm1,ENSMUSG00000032366,22003,protein_coding,9,66929872,66956688
Syngr3,ENSMUSG00000007021,20974,protein_coding,17,24904066,24908929
Fhl3,ENSMUSG00000032643,14201,protein_coding,4,124594494,124602404
Rln3,ENSMUSG00000045232,212108,protein_coding,8,84769558,84771629
Fbn1,ENSMUSG00000027204,14118,protein_coding,2,125142514,125349913
F3,ENSMUSG00000028128,14066,protein_coding,3,121517186,121528697
Chst15,ENSMUSG00000030930,77590,protein_coding,7,131837509,131918957
Cmtm8,ENSMUSG00000041012,70031,protein_coding,9,114618413,114673224
Chst11,ENSMUSG00000034612,58250,protein_coding,10,82821332,83031734
Nkx1-2,ENSMUSG00000048528,20231,protein_coding,7,132196607,132201366
Ddr1,ENSMUSG00000003534,12305,protein_coding,17,35992459,36015513
Lhpp,ENSMUSG00000030946,76429,protein_coding,7,132212367,132308149
Syce2,ENSMUSG00000003824,71846,protein_coding,8,85598740,85614850
Marveld3,ENSMUSG00000001672,73608,protein_coding,8,110674546,110688835
Calb2,ENSMUSG00000003657,12308,protein_coding,8,110864134,110894842
Ackr1,ENSMUSG00000037872,13349,protein_coding,1,173159453,173161317
Ptgs2,ENSMUSG00000032487,19225,protein_coding,1,149975782,149983978
Cldn7,ENSMUSG00000018569,53624,protein_coding,11,69855605,69858711
Anxa2,ENSMUSG00000032231,12306,protein_coding,9,69360902,69399077
Sox1,ENSMUSG00000096014,20664,protein_coding,8,12445295,12450126
Csf1,ENSMUSG00000014599,12977,protein_coding,3,107648364,107667785
Krtdap,ENSMUSG00000074199,64661,protein_coding,7,30487321,30490522
S100a11,ENSMUSG00000027907,20195,protein_coding,3,93427795,93433594
Spta1,ENSMUSG00000026532,20739,protein_coding,1,174000342,174076016
Ppbp,ENSMUSG00000029372,57349,protein_coding,5,90916377,90917922
Prr19,ENSMUSG00000058741,623131,protein_coding,7,25000836,25003557
Cgn,ENSMUSG00000068876,70737,protein_coding,3,94667376,94693826
Brip1,ENSMUSG00000034329,237911,protein_coding,11,85948964,86092019
Selenom,ENSMUSG00000075702,114679,protein_coding,11,3464684,3467351
Odaph,ENSMUSG00000096035,381651,protein_coding,5,92135334,92143179
Mob3a,ENSMUSG00000003348,208228,protein_coding,10,80521087,80537811
Izumo4,ENSMUSG00000055862,71564,protein_coding,10,80538018,80541207
Smtn,ENSMUSG00000020439,29856,protein_coding,11,3467523,3490612
Bach2,ENSMUSG00000040270,12014,protein_coding,4,32238804,32586108
Prcc,ENSMUSG00000004895,94315,protein_coding,3,87766210,87792915
Nes,ENSMUSG00000004891,18008,protein_coding,3,87878385,87887758
Hspa1b,ENSMUSG00000090877,15511,protein_coding,17,35175412,35178214
Hspa1a,ENSMUSG00000091971,193740,protein_coding,17,35188166,35191132
Mpig6b,ENSMUSG00000073414,106722,protein_coding,17,35281669,35285160
Cnn2,ENSMUSG00000004665,12798,protein_coding,10,79824418,79831896
Jph2,ENSMUSG00000017817,59091,protein_coding,2,163178162,163239913
Rab32,ENSMUSG00000019832,67844,protein_coding,10,10420746,10434009
Aif1,ENSMUSG00000024397,11629,protein_coding,17,35389967,35395044
Madcam1,ENSMUSG00000020310,17123,protein_coding,10,79500393,79504371
Gng7,ENSMUSG00000048240,14708,protein_coding,10,80784458,80850779
Cxcl10,ENSMUSG00000034855,15945,protein_coding,5,92494497,92496748
Hoxa5,ENSMUSG00000038253,15402,protein_coding,6,52178734,52181567
Hoxa7,ENSMUSG00000038236,15404,protein_coding,6,52191471,52198834
Prkce,ENSMUSG00000045038,18754,protein_coding,17,86475213,86965347
E2f8,ENSMUSG00000046179,108961,protein_coding,7,48516177,48531344
Septin4,ENSMUSG00000020486,18952,protein_coding,11,87457479,87481365
Il24,ENSMUSG00000026420,93672,protein_coding,1,130809811,130815191
Kif21b,ENSMUSG00000041642,16565,protein_coding,1,136059127,136105736
Metrn,ENSMUSG00000002274,70083,protein_coding,17,26012195,26016110
Bcl6b,ENSMUSG00000000317,12029,protein_coding,11,70114954,70120624
Ano10,ENSMUSG00000037949,102566,protein_coding,9,122004940,122123489
Itpripl1,ENSMUSG00000074825,73338,protein_coding,2,126980692,126985362
Matn4,ENSMUSG00000016995,17183,protein_coding,2,164231313,164247080
Alox12,ENSMUSG00000000320,11684,protein_coding,11,70132283,70146179
Peg10,ENSMUSG00000092035,170676,protein_coding,6,4747306,4760517
Ier3,ENSMUSG00000003541,15937,protein_coding,17,36132576,36133815
Axin2,ENSMUSG00000000142,12006,protein_coding,11,108811175,108841609
Ica1,ENSMUSG00000062995,15893,protein_coding,6,8630527,8778488
Or4d2b,ENSMUSG00000093839,258406,protein_coding,11,87775805,87783094
Prr5l,ENSMUSG00000032841,72446,protein_coding,2,101544630,101713372
Ano5,ENSMUSG00000055489,233246,protein_coding,7,51160777,51248457
Fras1,ENSMUSG00000034687,231470,protein_coding,5,96521814,96932587
Anxa3,ENSMUSG00000029484,11745,protein_coding,5,96941198,96993825
Casp12,ENSMUSG00000025887,12364,protein_coding,9,5345430,5373032
Ndufa7,ENSMUSG00000041881,66416,protein_coding,17,34043546,34057291
Bmp2k,ENSMUSG00000034663,140780,protein_coding,5,97145548,97239726
Mal,ENSMUSG00000027375,17153,protein_coding,2,127475146,127498615
Nkain3,ENSMUSG00000055761,269513,protein_coding,4,20118874,20778866
Pea15a,ENSMUSG00000013698,18611,protein_coding,1,172024295,172034371
Tacstd2,ENSMUSG00000051397,56753,protein_coding,6,67511046,67512780
Rasgef1b,ENSMUSG00000089809,320292,protein_coding,5,99365285,99876924
Tgfbr2,ENSMUSG00000032440,21813,protein_coding,9,115913361,116004428
Nog,ENSMUSG00000048616,18121,protein_coding,11,89191464,89193158
Efna2,ENSMUSG00000003070,13637,protein_coding,10,80015316,80025844
Gm5698,ENSMUSG00000117091,,protein_coding,1,31016324,31017049
Nuak2,ENSMUSG00000009772,74137,protein_coding,1,132243864,132261226
Irf6,ENSMUSG00000026638,54139,protein_coding,1,192835419,192854331
Tpm2,ENSMUSG00000028464,22004,protein_coding,4,43514711,43523765
Smim36,ENSMUSG00000110344,121811722,protein_coding,11,90078509,90142081
Creb3,ENSMUSG00000028466,12913,protein_coding,4,43562332,43567060
Tom1l1,ENSMUSG00000020541,71943,protein_coding,11,90534291,90579192
Glipr2,ENSMUSG00000028480,384009,protein_coding,4,43957401,43979118
Tdrd7,ENSMUSG00000035517,100121,protein_coding,4,45965334,46034761
4930444P10Rik,ENSMUSG00000067795,75799,protein_coding,1,16136203,16163549
Rdh10,ENSMUSG00000025921,98711,protein_coding,1,16175998,16203958
Irs1,ENSMUSG00000055980,16367,protein_coding,1,82210822,82269137
Pgap4,ENSMUSG00000039611,67063,protein_coding,4,49584506,49597876
Igfbp3,ENSMUSG00000020427,16009,protein_coding,11,7156086,7163923
Zfp334,ENSMUSG00000017667,228876,protein_coding,2,165216184,165230179
Acy1,ENSMUSG00000023262,109652,protein_coding,9,106310180,106315518
Pcbp4,ENSMUSG00000023495,59092,protein_coding,9,106330490,106341211
Slc2a10,ENSMUSG00000027661,170441,protein_coding,2,165345707,165361837
Cdkn2a,ENSMUSG00000044303,12578,protein_coding,4,89192708,89212890
Cdkn2b,ENSMUSG00000073802,12579,protein_coding,4,89224536,89229276
Prrg4,ENSMUSG00000027171,228413,protein_coding,2,104661086,104680221
Cldn13,ENSMUSG00000008843,57255,protein_coding,5,134943103,134944380
Tmem80,ENSMUSG00000025505,71448,protein_coding,7,140907652,140917069
Pianp,ENSMUSG00000030329,319352,protein_coding,6,124973657,124980059
Wnt6,ENSMUSG00000033227,22420,protein_coding,1,74811051,74824481
Ankk1,ENSMUSG00000032257,244859,protein_coding,9,49326494,49338321
Col1a1,ENSMUSG00000001506,12842,protein_coding,11,94827050,94843868
Egfr,ENSMUSG00000020122,13649,protein_coding,11,16702203,16868158
Meis1,ENSMUSG00000020160,17268,protein_coding,11,18829817,18968985
Gng12,ENSMUSG00000036402,14701,protein_coding,6,66873381,66998334
Rmdn1,ENSMUSG00000028229,66302,protein_coding,4,19575162,19606932
Osbpl5,ENSMUSG00000037606,79196,protein_coding,7,143242499,143310722
Slc25a22,ENSMUSG00000019082,68267,protein_coding,7,141009657,141017805
Cd151,ENSMUSG00000025510,12476,protein_coding,7,141047305,141051386
Tspan4,ENSMUSG00000025511,64540,protein_coding,7,141055153,141073340
Foxd2,ENSMUSG00000055210,17301,protein_coding,4,114763479,114766070
Prnd,ENSMUSG00000027338,26434,protein_coding,2,131792781,131798050
Rasef,ENSMUSG00000043003,242505,protein_coding,4,73632816,73709231
Ppfia4,ENSMUSG00000026458,68507,protein_coding,1,134224521,134260666
Radil,ENSMUSG00000029576,231858,protein_coding,5,142470594,142536853
Trim17,ENSMUSG00000036964,56631,protein_coding,11,58845511,58863924
Csrp1,ENSMUSG00000026421,13007,protein_coding,1,135647799,135679970
Lad1,ENSMUSG00000041782,16763,protein_coding,1,135746336,135761080
Actb,ENSMUSG00000029580,11461,protein_coding,5,142888870,142892509
Ildr2,ENSMUSG00000040612,100039795,protein_coding,1,166081708,166144392
Tada1,ENSMUSG00000026563,27878,protein_coding,1,166206666,166221190
Bahcc1,ENSMUSG00000039741,268515,protein_coding,11,120123773,120183108
Fermt1,ENSMUSG00000027356,241639,protein_coding,2,132746309,132787826
Bmp2,ENSMUSG00000027358,12156,protein_coding,2,133394079,133404805
Plac8,ENSMUSG00000029322,231507,protein_coding,5,100701591,100720111
Ccnd1,ENSMUSG00000070348,12443,protein_coding,7,144483668,144493662
Tmem54,ENSMUSG00000028786,66260,protein_coding,4,128999341,129005419
Emp3,ENSMUSG00000040212,13732,protein_coding,7,45567447,45570828
Spata22,ENSMUSG00000112920,380709,protein_coding,11,73220567,73236870
Or1e1,ENSMUSG00000062128,258925,protein_coding,11,73241609,73246777
Actc1,ENSMUSG00000068614,11464,protein_coding,2,113877763,113884029
Cnga4,ENSMUSG00000030897,233649,protein_coding,7,105053775,105057949
Flrt3,ENSMUSG00000051379,71436,protein_coding,2,140492834,140513389
Cavin3,ENSMUSG00000037060,109042,protein_coding,7,105129290,105131507
Dstn,ENSMUSG00000015932,56431,protein_coding,2,143757240,143785244
Ehd2,ENSMUSG00000074364,259300,protein_coding,7,15680883,15701492
Phox2a,ENSMUSG00000007946,11859,protein_coding,7,101467520,101471933
Cxcl16,ENSMUSG00000018920,66102,protein_coding,11,70344809,70350810
Thbs1,ENSMUSG00000040152,21825,protein_coding,2,117942357,117957614
Timp2,ENSMUSG00000017466,21858,protein_coding,11,118191887,118246566
Vgf,ENSMUSG00000037428,381677,protein_coding,5,137055246,137062205
Flot2,ENSMUSG00000061981,14252,protein_coding,11,77928757,77951260
Aldoc,ENSMUSG00000017390,11676,protein_coding,11,78213794,78218607
Ano9,ENSMUSG00000054662,71345,protein_coding,7,140681125,140697719
Chst14,ENSMUSG00000074916,72136,protein_coding,2,118756977,118759066
Tmem184a,ENSMUSG00000036687,231832,protein_coding,5,139788240,139805672
Gchfr,ENSMUSG00000046814,320415,protein_coding,2,118998254,119002871
Lrp1b,ENSMUSG00000049252,94217,protein_coding,2,40485258,42543636
Zeb2,ENSMUSG00000026872,24136,protein_coding,2,44873644,45007407
Ccdc106,ENSMUSG00000035228,232821,protein_coding,7,5023552,5063784
Fzd2,ENSMUSG00000050288,57265,protein_coding,11,102495222,102498884
Cisd3,ENSMUSG00000078695,217149,protein_coding,11,97576652,97579447
Galnt13,ENSMUSG00000060988,271786,protein_coding,2,54326329,55008321
Rcn3,ENSMUSG00000019539,52377,protein_coding,7,44732337,44741645
Pcolce,ENSMUSG00000029718,18542,protein_coding,5,137603365,137612046
Rbms1,ENSMUSG00000026970,56878,protein_coding,2,60580537,60793536
Zcwpw1,ENSMUSG00000037108,381678,protein_coding,5,137786060,137820883
Gatm,ENSMUSG00000027199,67092,protein_coding,2,122424948,122441784
Zim1,ENSMUSG00000002266,22776,protein_coding,7,6674268,6699449
Tmc2,ENSMUSG00000060332,192140,protein_coding,2,130037114,130106365
Tmem119,ENSMUSG00000054675,231633,protein_coding,5,113931790,113938577
6430550D23Rik,ENSMUSG00000074646,320095,protein_coding,2,155815199,155849897
2200002D01Rik,ENSMUSG00000030587,72275,protein_coding,7,28945986,28947891
Dpysl5,ENSMUSG00000029168,65254,protein_coding,5,30868908,30956719
Accsl,ENSMUSG00000075023,381411,protein_coding,2,93685706,93760827
Gm13889,ENSMUSG00000087006,620695,protein_coding,2,93786155,93787546
Ypel4,ENSMUSG00000034059,241525,protein_coding,2,84564402,84568999
Pfkfb3,ENSMUSG00000026773,170768,protein_coding,2,11476244,11558888
Il15ra,ENSMUSG00000023206,16169,protein_coding,2,11710101,11739128
Gm14393,ENSMUSG00000078905,664987,protein_coding,2,174903342,174909574
Ccdc148,ENSMUSG00000036641,227933,protein_coding,2,58711082,58991027
Gsn,ENSMUSG00000026879,227753,protein_coding,2,35146392,35197904
Tmem62,ENSMUSG00000054484,96957,protein_coding,2,120807498,120838333
